Volcano Number,Eruption Number,Volcano Name,Start Year Modifier,Start Year,Start Year Uncertainty,Start Month,Start Day Modifier,Start Day,Start Day Uncertainty,End Year Modifier,End Year,End Year Uncertainty,End Month,End Day Modifier,End Day,End Day Uncertainty,Latitude,Longitude,Start_Date,End_Date,bbox
300130,22609,Karymsky,,2025,,4,,30,,>,2025,,5,,2,,54.049,159.443,2025-04-30,2025-05-02,"[54.03165078433657, 159.40758242983895, 54.06904233820455, 159.4898004107094]"
334050,22613,Northern EPR at 9.8°N,,2025,,4,,28,,,2025,,4,,29,,9.83,-104.3,2025-04-28,2025-04-29,
273010,22608,Bulusan,,2025,,4,,28,,>,2025,,5,,2,,12.769,124.056,2025-04-28,2025-05-02,"[12.76037572885907, 124.04051915187372, 12.780391229785751, 124.06891850697968]"
300260,22610,Klyuchevskoy,,2025,,4,,8,,>,2025,,5,,2,,56.056,160.642,2025-04-08,2025-05-02,
371020,22612,Reykjanes,,2025,,4,,1,,,2025,,4,,1,,63.817,-22.717,2025-04-01,2025-04-01,
252120,22606,Ulawun,,2025,,3,,27,,>,2025,,4,,21,,-5.05,151.33,2025-03-27,2025-04-21,
263340,22607,Raung,,2025,,3,,13,,,2025,,3,,13,,-8.119,114.056,2025-03-13,2025-03-13,"[-8.13365743655555, 114.03740097860978, -8.104902974500229, 114.07047891553886]"
311160,22611,Atka Volcanic Complex,,2025,,2,,20,,>,2025,,5,,2,,52.331,-174.139,2025-02-20,2025-05-02,
351060,22604,Purace,,2025,,1,,19,,,2025,,2,,21,,2.3095,-76.3948,2025-01-19,2025-02-21,
264230,22601,Lewotolok,,2025,,1,,16,,>,2025,,5,,2,,-8.274,123.508,2025-01-16,2025-05-02,
344040,22602,Telica,,2025,,1,,11,,>,2025,,5,,2,,12.606,-86.84,2025-01-11,2025-05-02,
345040,22603,Poas,,2025,,1,,5,,>,2025,,5,,2,,10.2,-84.233,2025-01-05,2025-05-02,
300250,22605,Bezymianny,,2024,,12,,24,,>,2025,,5,,2,,55.972,160.595,2024-12-24,2025-05-02,
332010,22597,Kilauea,,2024,,12,,23,,>,2025,,5,,2,,19.421,-155.287,2024-12-23,2025-05-02,
263200,22600,Dieng Volcanic Complex,,2024,,12,,18,,,2025,,1,,6,,-7.2,109.879,2024-12-18,2025-01-06,
263340,22593,Raung,,2024,,12,,15,,,2024,,12,,24,,-8.119,114.056,2024-12-15,2024-12-24,"[-8.13365743655555, 114.03740097860978, -8.104902974500229, 114.07047891553886]"
243080,22591,Home Reef,,2024,,12,,4,,>,2025,,5,,2,,-18.992,-174.775,2024-12-04,2025-05-02,
261230,22592,Dempo,,2024,,11,,23,,,2025,,2,,2,,-4.016,103.121,2024-11-23,2025-02-02,
272020,22594,Kanlaon,,2024,,10,,19,,>,2025,,5,,2,,10.4096,123.13,2024-10-19,2025-05-02,
357090,22596,Copahue,,2024,,10,,16,1.0,,2024,,10,,27,1.0,-37.856,-71.183,2024-10-16,2024-10-27,
257040,22598,Ambrym,,2024,,10,,3,,,2024,,11,,12,,-16.25,168.12,2024-10-03,2024-11-12,
332010,22587,Kilauea,,2024,,9,,15,,,2024,,9,,20,,19.421,-155.287,2024-09-15,2024-09-20,
282060,22588,Kikai,,2024,,9,,1,,,2024,,10,,17,,30.793,130.305,2024-09-01,2024-10-17,
284141,22595,Ahyi,,2024,,8,,5,,>,2025,,5,,2,,20.42,145.03,2024-08-05,2025-05-02,
344020,22582,San Cristobal,,2024,,7,,5,,,2024,,7,,7,,12.702,-87.004,2024-07-05,2024-07-07,
257030,22580,Ambae,,2024,,6,,29,,,2024,,6,,30,,-15.389,167.835,2024-06-29,2024-06-30,
300130,22581,Karymsky,,2024,,6,,20,,,2024,,11,,12,,54.049,159.443,2024-06-20,2024-11-12,"[54.03165078433657, 159.40758242983895, 54.06904233820455, 159.4898004107094]"
243080,22579,Home Reef,,2024,,6,,10,,,2024,,7,,4,,-18.992,-174.775,2024-06-10,2024-07-04,
332010,22566,Kilauea,,2024,,6,,3,,,2024,,6,,3,,19.421,-155.287,2024-06-03,2024-06-03,
272020,22567,Kanlaon,,2024,,6,,3,,,2024,,6,,3,,10.4096,123.13,2024-06-03,2024-06-03,
273030,22589,Mayon,,2024,,5,,30,,,2024,,7,,18,,13.257,123.685,2024-05-30,2024-07-18,
261170,22568,Kerinci,,2024,,5,,28,,,2024,,5,,28,,-1.697,101.264,2024-05-28,2024-05-28,
261230,22569,Dempo,,2024,,5,,27,,,2024,,5,,31,,-4.016,103.121,2024-05-27,2024-05-31,
241040,22573,Whakaari/White Island,,2024,,5,,24,,>,2025,,5,,2,,-37.52,177.18,2024-05-24,2025-05-02,
261270,22570,Suoh,,2024,,5,,24,,,2024,,5,,24,,-5.25,104.27,2024-05-24,2024-05-24,
344120,22571,Concepcion,,2024,,5,,16,,,2024,,5,,16,,11.538,-85.622,2024-05-16,2024-05-16,
354020,22572,Ubinas,,2024,,5,,6,,?,2024,,6,,11,,-16.345,-70.8972,2024-05-06,2024-06-11,
267010,22562,Ruang,,2024,,4,,16,,,2024,,5,,7,,2.3058,125.3671,2024-04-16,2024-05-07,"[2.2872307470547644, 125.34161039956795, 2.3288981799211714, 125.38862148967762]"
273070,22563,Taal,,2024,,4,,12,,,2025,,2,,16,,14.0106,120.9975,2024-04-12,2025-02-16,
311160,22564,Atka Volcanic Complex,,2024,,3,,27,,,2024,,3,,27,,52.331,-174.139,2024-03-27,2024-03-27,
260010,22561,Barren Island,,2024,,3,,15,,,2024,,5,,29,,12.278,93.858,2024-03-15,2024-05-29,
353010,22560,Fernandina,,2024,,3,,2,,,2024,,5,,8,,-0.37,-91.55,2024-03-02,2024-05-08,
257040,22554,Ambrym,,2024,,1,,13,,,2024,,1,,16,,-16.25,168.12,2024-01-13,2024-01-16,
284141,22557,Ahyi,,2024,,1,,1,,,2024,,3,,27,,20.42,145.03,2024-01-01,2024-03-27,
264180,22556,Lewotobi,,2023,,12,,23,,>,2025,,5,,2,,-8.542,122.775,2023-12-23,2025-05-02,
311110,22558,Kanaga,,2023,,12,,18,,,2023,,12,,18,,51.923,-177.168,2023-12-18,2023-12-18,
371020,22553,Reykjanes,,2023,,12,,18,,,2024,,12,,8,,63.817,-22.717,2023-12-18,2024-12-08,
263310,22555,Tengger Caldera,,2023,,12,,13,,,2023,,12,,13,,-7.942,112.95,2023-12-13,2023-12-13,
257030,22549,Ambae,,2023,,12,,11,,,2023,,12,,21,,-15.389,167.835,2023-12-11,2023-12-21,
261140,22550,Marapi,,2023,,12,,3,,>,2025,,5,,2,,-0.38,100.474,2023-12-03,2025-05-02,
345040,22559,Poas,,2023,,12,,1,,,2024,,5,,5,,10.2,-84.233,2023-12-01,2024-05-05,
351060,22552,Purace,,2023,,11,,16,,,2023,,11,,16,,2.3095,-76.3948,2023-11-16,2023-11-16,
284120,22551,Ioto,,2023,,10,,18,,,2024,,3,,16,,24.751,141.289,2023-10-18,2024-03-16,
243080,22548,Home Reef,,2023,,10,,12,,,2023,,10,,19,,-18.992,-174.775,2023-10-12,2023-10-19,
284202,22547,Ruby,,2023,,9,,14,,,2023,,9,,15,,15.605,145.572,2023-09-14,2023-09-15,
345040,22541,Poas,,2023,,8,,2,,,2023,,8,,11,,10.2,-84.233,2023-08-02,2023-08-11,
261230,22536,Dempo,,2023,,7,,25,,,2023,,8,,21,,-4.016,103.121,2023-07-25,2023-08-21,
252120,22535,Ulawun,,2023,,7,,18,,,2023,,12,,31,,-5.05,151.33,2023-07-18,2023-12-31,
311360,22539,Shishaldin,,2023,,7,,11,1.0,,2023,,11,,3,,54.756,-163.97,2023-07-11,2023-11-03,
371032,22543,Fagradalsfjall,,2023,,7,,10,,,2023,,8,,5,,63.895,-22.258,2023-07-10,2023-08-05,
344020,22540,San Cristobal,,2023,,7,,5,,,2023,,7,,5,,12.702,-87.004,2023-07-05,2023-07-05,
233020,22534,"Fournaise, Piton de la",,2023,,7,,2,,,2023,,8,,10,,-21.244,55.708,2023-07-02,2023-08-10,
300260,22538,Klyuchevskoy,,2023,,6,,22,,,2023,,12,,31,,56.056,160.642,2023-06-22,2023-12-31,
354020,22542,Ubinas,,2023,,6,,22,,,2023,,12,,15,,-16.345,-70.8972,2023-06-22,2023-12-15,
273030,22521,Mayon,,2023,,4,,27,2.0,,2024,,2,,4,,13.257,123.685,2023-04-27,2024-02-04,
252120,22508,Ulawun,,2023,,3,,28,,,2023,,3,,28,,-5.05,151.33,2023-03-28,2023-03-28,
257030,22499,Ambae,,2023,,2,,20,,,2023,,5,,28,,-15.389,167.835,2023-02-20,2023-05-28,
267020,22577,Karangetang,,2023,,2,,8,,,2023,,9,,5,,2.781,125.407,2023-02-08,2023-09-05,
257060,22500,East Epi,,2023,,1,,31,,,2023,,2,,23,,-16.6797,168.3893,2023-01-31,2023-02-23,
290360,22503,Chikurachki,,2023,,1,,28,,,2023,,2,,8,,50.324,155.461,2023-01-28,2023-02-08,
261140,22502,Marapi,,2023,,1,,7,,,2023,,3,,17,,-0.38,100.474,2023-01-07,2023-03-17,
260010,22501,Barren Island,,2022,,12,,30,,,2023,,8,,18,,12.278,93.858,2022-12-30,2023-08-18,
355100,22493,Lascar,,2022,,12,,10,,,2023,,2,,3,1.0,-23.37,-67.73,2022-12-10,2023-02-03,
211060,22494,Etna,,2022,,11,,27,,>,2025,,5,,2,,37.748,14.999,2022-11-27,2025-05-02,"[37.72695190822104, 14.9637738913999, 37.76972705091083, 15.029790595078342]"
332020,22492,Mauna Loa,,2022,,11,,27,,,2022,,12,,10,,19.475,-155.608,2022-11-27,2022-12-10,
284141,22489,Ahyi,,2022,,11,,18,1.0,,2023,,6,,11,,20.42,145.03,2022-11-18,2023-06-11,
300260,22490,Klyuchevskoy,,2022,,11,,17,,,2022,,11,?,25,,56.056,160.642,2022-11-17,2022-11-25,
343100,22491,San Miguel,,2022,,11,,15,,,2023,,5,,27,,13.434,-88.269,2022-11-15,2023-05-27,
352050,22486,Cotopaxi,,2022,,10,,21,,,2023,,7,,6,,-0.677,-78.436,2022-10-21,2023-07-06,
261170,22479,Kerinci,,2022,,10,,15,,,2023,,2,,27,,-1.697,101.264,2022-10-15,2023-02-27,
290260,22484,Chirinkotan,,2022,,10,,7,,,2022,,10,,7,,48.98,153.48,2022-10-07,2022-10-07,
273070,22481,Taal,,2022,,10,,5,,,2022,,10,,29,,14.0106,120.9975,2022-10-05,2022-10-29,
284096,22482,Nishinoshima,,2022,,10,,1,,,2023,,10,,13,,27.247,140.874,2022-10-01,2023-10-13,
233020,22477,"Fournaise, Piton de la",,2022,,9,,19,,,2022,,10,,5,,-21.244,55.708,2022-09-19,2022-10-05,
243080,22478,Home Reef,,2022,,9,,10,,,2022,,10,,17,,-18.992,-174.775,2022-09-10,2022-10-17,
290390,22485,Alaid,,2022,,9,,10,,,2022,,11,,26,,50.861,155.565,2022-09-10,2022-11-26,
284100,22483,Kaitoku Seamount,,2022,,8,,18,,,2023,,1,,26,,26.1217,141.0955,2022-08-18,2023-01-26,
371032,22459,Fagradalsfjall,,2022,,8,,3,,,2022,,8,,21,,63.895,-22.258,2022-08-03,2022-08-21,
345070,22458,Turrialba,,2022,,7,,17,,,2022,,7,,17,,10.025,-83.767,2022-07-17,2022-07-17,
284120,22455,Ioto,,2022,,7,,11,,,2022,,12,,11,,24.751,141.289,2022-07-11,2022-12-11,
290380,22457,Ebeko,,2022,,6,,11,,,2024,,12,,31,,50.686,156.014,2022-06-11,2024-12-31,
273030,22480,Mayon,,2022,,6,,6,,,2022,,10,,7,,13.257,123.685,2022-06-06,2022-10-07,
273010,22450,Bulusan,,2022,,6,,5,,,2022,,6,,12,,12.769,124.056,2022-06-05,2022-06-12,"[12.76037572885907, 124.04051915187372, 12.780391229785751, 124.06891850697968]"
252120,22453,Ulawun,,2022,,6,,2,,,2022,,6,,2,,-5.05,151.33,2022-06-02,2022-06-02,
261230,22446,Dempo,,2022,,5,,31,,,2022,,5,,31,,-4.016,103.121,2022-05-31,2022-05-31,
263340,22454,Raung,,2022,,5,,14,,,2022,,9,,27,,-8.119,114.056,2022-05-14,2022-09-27,"[-8.13365743655555, 114.03740097860978, -8.104902974500229, 114.07047891553886]"
257020,22445,Gaua,,2022,,5,,3,,,2022,,5,,3,,-14.281,167.514,2022-05-03,2022-05-03,
345040,22448,Poas,,2022,,4,,6,,,2022,,4,,6,,10.2,-84.233,2022-04-06,2022-04-06,
351060,22451,Purace,,2022,,3,,29,,,2022,,3,,29,,2.3095,-76.3948,2022-03-29,2022-03-29,
284110,22447,Kita-Ioto,,2022,,3,,27,,,2022,,3,,27,,25.424,141.284,2022-03-27,2022-03-27,
300250,22586,Bezymianny,,2022,,3,,15,,,2024,,8,,14,2.0,55.972,160.595,2022-03-15,2024-08-14,
264050,22434,Sangeang Api,,2022,,2,,17,,,2022,,2,,17,,-8.2,119.07,2022-02-17,2022-02-17,
257040,22430,Ambrym,,2022,,1,,25,,,2022,,2,,2,1.0,-16.25,168.12,2022-01-25,2022-02-02,
290360,22456,Chikurachki,,2022,,1,,17,,,2022,,10,,17,,50.324,155.461,2022-01-17,2022-10-17,
353020,22431,Wolf,,2022,,1,,6,,,2022,,4,,14,,0.02,-91.35,2022-01-06,2022-04-14,
233020,22396,"Fournaise, Piton de la",,2021,,12,,22,,,2022,,1,,17,,-21.244,55.708,2021-12-22,2022-01-17,
243040,22429,Hunga Tonga-Hunga Ha'apai,,2021,,12,,20,,,2022,,1,,15,,-20.5532,-175.3841,2021-12-20,2022-01-15,
257030,22420,Ambae,,2021,,12,,5,,,2022,,8,,15,10.0,-15.389,167.835,2021-12-05,2022-08-15,
273083,22423,Pinatubo,,2021,,11,,30,,,2021,,11,,30,,15.13,120.35,2021-11-30,2021-11-30,
264250,22421,Iliwerung,,2021,,11,,28,,,2021,,11,,29,,-8.532,123.573,2021-11-28,2021-11-29,
257020,22475,Gaua,,2021,,11,,16,,,2021,,11,,16,,-14.281,167.514,2021-11-16,2021-11-16,
273070,22452,Taal,,2021,,11,,15,,,2022,,4,,1,,14.0106,120.9975,2021-11-15,2022-04-01,
345070,22425,Turrialba,,2021,,11,,3,,,2022,,2,,28,,10.025,-83.767,2021-11-03,2022-02-28,
267020,22575,Karangetang,,2021,,10,,25,,,2022,,1,?,10,,2.781,125.407,2021-10-25,2022-01-10,
282110,22424,Asosan,,2021,,10,,14,,,2021,,10,,20,,32.8849,131.085,2021-10-14,2021-10-20,
332010,22416,Kilauea,,2021,,9,,29,,,2023,,9,,16,,19.421,-155.287,2021-09-29,2023-09-16,
383010,22417,La Palma,,2021,,9,,19,,,2021,,12,,13,,28.57,-17.83,2021-09-19,2021-12-13,
284096,22407,Nishinoshima,,2021,,8,,14,,,2021,,8,,15,,27.247,140.874,2021-08-14,2021-08-15,
284130,22408,Fukutoku-Oka-no-Ba,,2021,,8,,13,,,2021,,9,?,12,,24.285,141.481,2021-08-13,2021-09-12,
284120,22522,Ioto,,2021,,8,,12,,,2021,,11,,24,,24.751,141.289,2021-08-12,2021-11-24,
290260,22410,Chirinkotan,,2021,,8,,8,,,2021,,8,,26,,48.98,153.48,2021-08-08,2021-08-26,
312030,22411,Pavlof,,2021,,8,,5,,,2022,,12,,7,,55.417,-161.894,2021-08-05,2022-12-07,
284170,22409,Pagan,,2021,,7,,29,,,2021,,9,,6,,18.13,145.8,2021-07-29,2021-09-06,
264270,22405,Sirung,,2021,,7,,21,,,2021,,7,,21,,-8.4972,124.1306,2021-07-21,2021-07-21,
252120,22414,Ulawun,,2021,,7,,9,,,2021,,11,,29,,-5.05,151.33,2021-07-09,2021-11-29,
357090,22413,Copahue,,2021,,7,,2,,,2021,,11,,6,,-37.856,-71.183,2021-07-02,2021-11-06,
273070,22406,Taal,,2021,,7,,1,,,2021,,7,,9,,14.0106,120.9975,2021-07-01,2021-07-09,
345020,22412,Rincon de la Vieja,,2021,,6,,28,,,2024,,10,,22,,10.83,-85.324,2021-06-28,2024-10-22,
345070,22403,Turrialba,,2021,,6,,13,,,2021,,7,,23,,10.025,-83.767,2021-06-13,2021-07-23,
311120,22401,Great Sitkin,,2021,,5,,25,,>,2025,,5,,2,,52.076,-176.13,2021-05-25,2025-05-02,
262000,22426,Krakatau,,2021,,5,,25,,,2023,,12,,20,,-6.1009,105.4233,2021-05-25,2023-12-20,
263200,22397,Dieng Volcanic Complex,,2021,,4,,29,,,2021,,4,,29,,-7.2,109.879,2021-04-29,2021-04-29,
344040,22402,Telica,,2021,,4,,21,,,2022,,3,,29,,12.606,-86.84,2021-04-21,2022-03-29,
233020,22395,"Fournaise, Piton de la",,2021,,4,,9,,,2021,,5,,24,,-21.244,55.708,2021-04-09,2021-05-24,
290360,22435,Chikurachki,,2021,,3,,21,,,2021,,8,,25,,50.324,155.461,2021-03-21,2021-08-25,
371032,22399,Fagradalsfjall,,2021,,3,,19,,,2021,,9,,18,,63.895,-22.258,2021-03-19,2021-09-18,
312070,22393,Veniaminof,,2021,,2,,28,,,2021,,4,,5,,56.17,-159.38,2021-02-28,2021-04-05,
311060,22392,Semisopochnoi,,2021,,2,,2,2.0,,2023,,5,,5,,51.93,179.58,2021-02-02,2023-05-05,
263340,22383,Raung,,2021,,1,,21,,,2021,,4,,14,,-8.119,114.056,2021-01-21,2021-04-14,"[-8.13365743655555, 114.03740097860978, -8.104902974500229, 114.07047891553886]"
263250,22381,Merapi,,2020,,12,,31,,>,2025,,5,,2,,-7.54,110.446,2020-12-31,2025-05-02,"[-7.558128149472474, 110.42480120723107, -7.530339943833005, 110.4584875567422]"
284120,22523,Ioto,,2020,,12,,28,,,2021,,4,?,5,,24.751,141.289,2020-12-28,2021-04-05,
360150,22385,Soufriere St. Vincent,,2020,,12,,27,,,2021,,4,,22,,13.33,-61.18,2020-12-27,2021-04-22,
344020,22394,San Cristobal,,2020,,12,?,27,,,2022,,6,,26,,12.702,-87.004,2020-12-27,2022-06-26,
263310,22382,Tengger Caldera,,2020,,12,,26,,,2020,,12,,28,,-7.942,112.95,2020-12-26,2020-12-28,
332010,22380,Kilauea,,2020,,12,,20,,,2021,,5,,23,,19.421,-155.287,2020-12-20,2021-05-23,
233020,22371,"Fournaise, Piton de la",,2020,,12,,7,,,2020,,12,,8,,-21.244,55.708,2020-12-07,2020-12-08,
264230,22373,Lewotolok,,2020,,11,,27,,,2024,,8,,20,,-8.274,123.508,2020-11-27,2024-08-20,
282060,22374,Kikai,,2020,,10,,6,,,2020,,10,,6,,30.793,130.305,2020-10-06,2020-10-06,
282050,22391,Kuchinoerabujima,,2020,,8,,29,,,2020,,8,,29,,30.443,130.217,2020-08-29,2020-08-29,
261080,22365,Sinabung,,2020,,8,,8,,,2021,,9,,23,,3.17,98.392,2020-08-08,2021-09-23,
344040,22368,Telica,,2020,,7,,20,,,2020,,12,,9,,12.606,-86.84,2020-07-20,2020-12-09,
263340,22367,Raung,,2020,,7,,16,,,2020,,10,,3,,-8.119,114.056,2020-07-16,2020-10-03,"[-8.13365743655555, 114.03740097860978, -8.104902974500229, 114.07047891553886]"
345070,22369,Turrialba,,2020,,6,,18,,,2020,,8,,24,,10.025,-83.767,2020-06-18,2020-08-24,
357090,22376,Copahue,,2020,,6,,16,,,2020,,11,,2,,-37.856,-71.183,2020-06-16,2020-11-02,
311240,22361,Cleveland,,2020,,6,,1,,,2020,,6,,1,,52.825,-169.944,2020-06-01,2020-06-01,
282060,22359,Kikai,,2020,,4,,29,,,2020,,4,,29,,30.793,130.305,2020-04-29,2020-04-29,
300130,22360,Karymsky,,2020,,4,,1,,,2022,,8,,7,,54.049,159.443,2020-04-01,2022-08-07,"[54.03165078433657, 159.40758242983895, 54.06904233820455, 159.4898004107094]"
266030,22354,Soputan,,2020,,3,,23,,,2020,,4,,2,,1.112,124.737,2020-03-23,2020-04-02,
290240,22384,Sarychev Peak,,2020,,2,,29,1.0,,2021,,11,,26,,48.092,153.2,2020-02-29,2021-11-26,
343100,22355,San Miguel,,2020,,2,,22,,,2020,,2,,22,,13.434,-88.269,2020-02-22,2020-02-22,
233020,22343,"Fournaise, Piton de la",,2020,,2,,10,,,2020,,4,,6,,-21.244,55.708,2020-02-10,2020-04-06,
345020,22346,Rincon de la Vieja,,2020,,1,,30,,,2020,,12,,13,,10.83,-85.324,2020-01-30,2020-12-13,
353010,22347,Fernandina,,2020,,1,,12,,,2020,,1,,13,,-0.37,-91.55,2020-01-12,2020-01-13,
273070,22344,Taal,,2020,,1,,12,,,2020,,1,,22,,14.0106,120.9975,2020-01-12,2020-01-22,
282050,22345,Kuchinoerabujima,,2020,,1,,11,,,2020,,5,,13,,30.443,130.217,2020-01-11,2020-05-13,
241040,22338,Whakaari/White Island,,2019,,12,,9,,,2019,,12,,9,,-37.52,177.18,2019-12-09,2019-12-09,
311060,22341,Semisopochnoi,,2019,,12,,7,,,2020,,6,,19,,51.93,179.58,2019-12-07,2020-06-19,
284096,22340,Nishinoshima,,2019,,12,,5,,,2020,,8,,27,,27.247,140.874,2019-12-05,2020-08-27,
282060,22339,Kikai,,2019,,11,,2,,,2019,,11,,2,,30.793,130.305,2019-11-02,2019-11-02,
243070,22334,Lateiki,,2019,,10,,13,,,2019,,10,,22,,-19.18,-174.87,2019-10-13,2019-10-22,
283110,22326,Asamayama,,2019,,8,,7,,,2019,,8,,25,,36.406,138.523,2019-08-07,2019-08-25,
243091,22460,Unnamed,,2019,,8,,6,,,2019,,8,,8,,-18.325,-174.365,2019-08-06,2019-08-08,
357090,22336,Copahue,,2019,,8,,2,,,2019,,11,?,12,,-37.856,-71.183,2019-08-02,2019-11-12,
263090,22325,Tangkuban Parahu,,2019,,7,,26,,,2019,,9,,17,,-6.77,107.6,2019-07-26,2019-09-17,
311360,22330,Shishaldin,,2019,,7,,23,,,2020,,5,,4,,54.756,-163.97,2019-07-23,2020-05-04,
311060,22328,Semisopochnoi,,2019,,7,,16,,,2019,,8,,24,,51.93,179.58,2019-07-16,2019-08-24,
252120,22319,Ulawun,,2019,,6,,26,,,2019,,10,,5,,-5.05,151.33,2019-06-26,2019-10-05,
354020,22324,Ubinas,,2019,,6,,24,,,2019,,9,,12,,-16.345,-70.8972,2019-06-24,2019-09-12,
290250,22321,Raikoke,,2019,,6,,22,,,2019,,7,,1,,48.292,153.25,2019-06-22,2019-07-01,
233020,22318,"Fournaise, Piton de la",,2019,,6,,11,,,2019,,10,,27,,-21.244,55.708,2019-06-11,2019-10-27,
311120,22322,Great Sitkin,,2019,,6,,1,,,2019,,6,,7,,52.076,-176.13,2019-06-01,2019-06-07,
290240,22320,Sarychev Peak,,2019,,5,,16,,,2019,,10,,7,,48.092,153.2,2019-05-16,2019-10-07,
341040,22323,Colima,,2019,,5,,11,,,2019,,7,,12,,19.514,-103.62,2019-05-11,2019-07-12,
282110,22317,Asosan,,2019,,4,,16,,,2020,,6,,16,,32.8849,131.085,2019-04-16,2020-06-16,
300260,22310,Klyuchevskoy,,2019,,4,,9,,,2021,,3,,20,,56.056,160.642,2019-04-09,2021-03-20,
352090,22312,Sangay,,2019,,3,,26,,>,2025,,5,,2,,-2.005,-78.341,2019-03-26,2025-05-02,
344020,22311,San Cristobal,,2019,,3,,4,,,2019,,3,,4,,12.702,-87.004,2019-03-04,2019-03-04,
263310,22306,Tengger Caldera,,2019,,2,,18,,,2019,,7,,28,,-7.942,112.95,2019-02-18,2019-07-28,
233020,22307,"Fournaise, Piton de la",,2019,,2,,18,,,2019,,3,,10,,-21.244,55.708,2019-02-18,2019-03-10,
300130,22309,Karymsky,,2019,,2,,16,,,2019,,9,,24,,54.049,159.443,2019-02-16,2019-09-24,"[54.03165078433657, 159.40758242983895, 54.06904233820455, 159.4898004107094]"
345040,22303,Poas,,2019,,2,,7,,,2019,,9,,30,,10.2,-84.233,2019-02-07,2019-09-30,
261080,22316,Sinabung,?,2019,,2,,6,,,2019,,6,,9,,3.17,98.392,2019-02-06,2019-06-09,
256010,22313,Tinakula,,2018,,12,<,8,,,2024,,12,,31,,-10.386,165.804,2018-12-08,2024-12-31,
267020,22294,Karangetang,,2018,,11,,25,,,2021,,1,,30,,2.781,125.407,2018-11-25,2021-01-30,
357040,22297,Planchon-Peteroa,,2018,,11,<,7,,,2019,,5,,7,1.0,-35.223,-70.568,2018-11-07,2019-05-07,
282050,22296,Kuchinoerabujima,,2018,,10,,21,,,2019,,2,,3,,30.443,130.217,2018-10-21,2019-02-03,
268060,22295,Gamalama,,2018,,10,,4,,,2018,,10,,6,,0.81,127.3322,2018-10-04,2018-10-06,
266030,22293,Soputan,,2018,,10,,2,,,2018,,12,,16,,1.112,124.737,2018-10-02,2018-12-16,
260010,22292,Barren Island,,2018,,9,,25,,,2022,,1,,30,,12.278,93.858,2018-09-25,2022-01-30,
252120,22286,Ulawun,,2018,,9,,21,,,2018,,10,<,12,,-5.05,151.33,2018-09-21,2018-10-12,
290240,22288,Sarychev Peak,,2018,,9,,8,,,2018,,10,,15,,48.092,153.2,2018-09-08,2018-10-15,
311060,22289,Semisopochnoi,,2018,,9,,8,,,2018,,10,,31,,51.93,179.58,2018-09-08,2018-10-31,
312070,22290,Veniaminof,,2018,,9,,4,,,2018,,12,,23,,56.17,-159.38,2018-09-04,2018-12-23,
290390,22281,Alaid,,2018,,8,,21,,,2018,,8,,21,,50.861,155.565,2018-08-21,2018-08-21,
345020,22282,Rincon de la Vieja,,2018,,7,,28,,,2019,,6,,11,,10.83,-85.324,2018-07-28,2019-06-11,
284096,22280,Nishinoshima,,2018,,7,,12,,,2018,,7,<,21,,27.247,140.874,2018-07-12,2018-07-21,
267020,22574,Karangetang,,2018,,7,,4,,,2018,,7,,4,,2.781,125.407,2018-07-04,2018-07-04,
233005,22337,Mayotte,,2018,,7,,3,,?,2019,,8,,20,,-12.83,45.17,2018-07-03,2019-08-20,
353050,22279,"Negra, Sierra",,2018,,6,,26,,,2018,,8,,23,,-0.83,-91.17,2018-06-26,2018-08-23,
344040,22277,Telica,,2018,,6,,21,,,2018,,8,,15,,12.606,-86.84,2018-06-21,2018-08-15,
262000,22275,Krakatau,,2018,,6,,18,,,2020,,4,,17,,-6.1009,105.4233,2018-06-18,2020-04-17,
353010,22278,Fernandina,,2018,,6,,16,,,2018,,6,,21,,-0.37,-91.55,2018-06-16,2018-06-21,
311120,22276,Great Sitkin,,2018,,6,,10,,,2018,,8,,11,,52.076,-176.13,2018-06-10,2018-08-11,
352090,22283,Sangay,,2018,,6,?,8,,,2018,,12,,17,,-2.005,-78.341,2018-06-08,2018-12-17,
252120,22285,Ulawun,,2018,,6,,8,,,2018,,6,,8,,-5.05,151.33,2018-06-08,2018-06-08,
345040,22599,Poas,,2018,,5,,25,,,2018,,5,,25,,10.2,-84.233,2018-05-25,2018-05-25,
263250,22264,Merapi,,2018,,5,,11,,,2020,,6,,21,,-7.54,110.446,2018-05-11,2020-06-21,"[-7.558128149472474, 110.42480120723107, -7.530339943833005, 110.4584875567422]"
251020,22578,Manam,,2018,,5,,10,10.0,>,2025,,5,,2,,-4.08,145.037,2018-05-10,2025-05-02,
261140,22262,Marapi,,2018,,4,,27,,,2018,,5,,2,,-0.38,100.474,2018-04-27,2018-05-02,
344020,22266,San Cristobal,,2018,,4,,22,,,2018,,4,,22,,12.702,-87.004,2018-04-22,2018-04-22,
261170,22274,Kerinci,,2018,,4,,21,,,2021,,6,,13,,-1.697,101.264,2018-04-21,2021-06-13,
223020,22315,Nyamulagira,,2018,,4,,14,,>,2025,,5,,2,,-1.408,29.2,2018-04-14,2025-05-02,
233020,22261,"Fournaise, Piton de la",,2018,,4,,3,,,2018,,11,,1,,-21.244,55.708,2018-04-03,2018-11-01,
263200,22263,Dieng Volcanic Complex,,2018,,4,,1,,,2018,,4,,1,,-7.2,109.879,2018-04-01,2018-04-01,
282090,22257,Kirishimayama,,2018,,3,,1,,,2018,,6,,22,5.0,31.934,130.862,2018-03-01,2018-06-22,
352090,22259,Sangay,,2018,,2,,25,,,2018,,2,,25,,-2.005,-78.341,2018-02-25,2018-02-25,
267020,22256,Karangetang,,2018,,2,,2,,,2018,,2,,2,,2.781,125.407,2018-02-02,2018-02-02,
283120,22258,Kusatsu-Shiranesan,,2018,,1,,23,,,2018,,1,,23,,36.618,138.528,2018-01-23,2018-01-23,
343100,22251,San Miguel,,2018,,1,,14,,,2018,,3,,4,4.0,13.434,-88.269,2018-01-14,2018-03-04,
273030,22250,Mayon,,2018,,1,,13,,,2019,,10,,12,,13.257,123.685,2018-01-13,2019-10-12,
251002,22246,Kadovar,,2018,,1,,5,,,2023,,5,,14,,-3.608,144.588,2018-01-05,2023-05-14,
272020,22249,Kanlaon,,2017,,12,,9,,,2017,,12,,9,,10.4096,123.13,2017-12-09,2017-12-09,
264020,22241,Agung,,2017,,11,,21,,,2019,,6,,13,,-8.343,115.508,2017-11-21,2019-06-13,
261230,22248,Dempo,,2017,,11,,9,,,2017,,11,,9,,-4.016,103.121,2017-11-09,2017-11-09,
256010,22239,Tinakula,,2017,,10,,21,,,2017,,10,,26,,-10.386,165.804,2017-10-21,2017-10-26,
290240,22308,Sarychev Peak,,2017,,10,?,12,,,2017,,11,?,13,,48.092,153.2,2017-10-12,2017-11-13,
282090,22242,Kirishimayama,,2017,,10,,11,,,2017,,10,,17,,31.934,130.862,2017-10-11,2017-10-17,
257030,22240,Ambae,,2017,,9,,6,,,2018,,10,?,30,,-15.389,167.835,2017-09-06,2018-10-30,
353010,22245,Fernandina,,2017,,9,,4,,,2017,,9,,8,1.0,-0.37,-91.55,2017-09-04,2017-09-08,
344020,22252,San Cristobal,,2017,,8,,18,,,2017,,11,,11,,12.702,-87.004,2017-08-18,2017-11-11,
261170,22273,Kerinci,,2017,,8,,13,,,2017,,8,,13,,-1.697,101.264,2017-08-13,2017-08-13,
352090,22231,Sangay,,2017,,7,,20,,,2017,,10,,19,,-2.005,-78.341,2017-07-20,2017-10-19,
233020,22224,"Fournaise, Piton de la",,2017,,7,,14,,,2017,,8,,28,,-21.244,55.708,2017-07-14,2017-08-28,
252120,22225,Ulawun,,2017,,6,,11,,,2017,,11,,3,,-5.05,151.33,2017-06-11,2017-11-03,
263300,22513,Semeru,,2017,,6,,6,,>,2025,,5,,2,,-8.108,112.922,2017-06-06,2025-05-02,
273010,22229,Bulusan,,2017,,6,,5,,,2017,,6,,5,,12.769,124.056,2017-06-05,2017-06-05,"[12.76037572885907, 124.04051915187372, 12.780391229785751, 124.06891850697968]"
300130,22230,Karymsky,,2017,,6,,4,,,2018,,9,,30,,54.049,159.443,2017-06-04,2018-09-30,"[54.03165078433657, 159.40758242983895, 54.06904233820455, 159.4898004107094]"
261140,22226,Marapi,,2017,,6,,4,,,2017,,6,,4,,-0.38,100.474,2017-06-04,2017-06-04,
357090,22232,Copahue,,2017,,6,,4,,,2018,,12,,7,,-37.856,-71.183,2017-06-04,2018-12-07,
345020,22208,Rincon de la Vieja,,2017,,5,,23,,,2018,,3,,15,3.0,10.83,-85.324,2017-05-23,2018-03-15,
263200,22227,Dieng Volcanic Complex,,2017,,4,,30,,,2017,,7,,2,,-7.2,109.879,2017-04-30,2017-07-02,
360160,22260,Kick 'em Jenny,,2017,,4,,29,,,2017,,4,,29,,12.3,-61.64,2017-04-29,2017-04-29,
284096,22207,Nishinoshima,,2017,,4,,18,1.0,,2017,,8,,17,6.0,27.247,140.874,2017-04-18,2017-08-17,
345040,22209,Poas,,2017,,4,,12,,,2017,,11,,6,,10.2,-84.233,2017-04-12,2017-11-06,
222120,22284,"Lengai, Ol Doinyo",,2017,,4,,9,,>,2025,,4,,29,,-2.764,35.914,2017-04-09,2025-04-29,
282080,22203,Aira,,2017,,3,,25,,>,2025,,5,,2,,31.5772,130.6589,2017-03-25,2025-05-02,
300010,22198,Kambalny,,2017,,3,,24,,,2017,,4,,23,,51.306,156.875,2017-03-24,2017-04-23,
264050,22228,Sangeang Api,,2017,,2,,25,,,2020,,6,,10,,-8.2,119.07,2017-02-25,2020-06-10,
344020,22269,San Cristobal,,2017,,2,,18,,,2017,,4,,19,,12.702,-87.004,2017-02-18,2017-04-19,
262000,22188,Krakatau,,2017,,2,,17,,,2017,,2,,19,,-6.1009,105.4233,2017-02-17,2017-02-19,
233020,22184,"Fournaise, Piton de la",,2017,,1,,31,,,2017,,2,,27,,-21.244,55.708,2017-01-31,2017-02-27,
243030,22185,Unnamed,,2017,,1,,23,,,2017,,1,,31,,-20.852,-175.55,2017-01-23,2017-01-31,
260010,22187,Barren Island,,2017,,1,,15,,,2017,,3,,24,,12.278,93.858,2017-01-15,2017-03-24,
343100,22192,San Miguel,,2017,,1,,7,,,2017,,1,,7,,13.434,-88.269,2017-01-07,2017-01-07,
311300,22182,Bogoslof,,2016,,12,,20,,,2017,,8,,30,,53.93,-168.03,2016-12-20,2017-08-30,
300250,22496,Bezymianny,,2016,,12,,5,,,2021,,2,,1,15.0,55.972,160.595,2016-12-05,2021-02-01,
290260,22175,Chirinkotan,,2016,,11,,29,,,2017,,4,,7,,48.98,153.48,2016-11-29,2017-04-07,
223020,22202,Nyamulagira,,2016,,11,,27,,,2017,,5,,2,,-1.408,29.2,2016-11-27,2017-05-02,
300120,22177,Zhupanovsky,,2016,,11,,20,,,2016,,11,,20,,53.589,159.15,2016-11-20,2016-11-20,
261170,22172,Kerinci,,2016,,11,,15,,,2016,,11,,21,,-1.697,101.264,2016-11-15,2016-11-21,
354006,22158,Sabancaya,,2016,,11,,6,,>,2025,,5,,2,,-15.787,-71.857,2016-11-06,2025-05-02,
290380,22176,Ebeko,,2016,,10,,20,,,2021,,11,,9,,50.686,156.014,2016-10-20,2021-11-09,
252120,22171,Ulawun,,2016,,10,,11,,,2016,,11,,18,,-5.05,151.33,2016-10-11,2016-11-18,
282110,22174,Asosan,,2016,,10,,7,,,2016,,11,,12,,32.8849,131.085,2016-10-07,2016-11-12,
300130,22178,Karymsky,,2016,,10,,5,,,2016,,10,,8,,54.049,159.443,2016-10-05,2016-10-08,"[54.03165078433657, 159.40758242983895, 54.06904233820455, 159.4898004107094]"
222120,22305,"Lengai, Ol Doinyo",,2016,,9,<,21,,,2016,,10,>,13,,-2.764,35.914,2016-09-21,2016-10-13,
354020,22181,Ubinas,,2016,,9,,13,,,2017,,3,,2,,-16.345,-70.8972,2016-09-13,2017-03-02,
241040,22147,Whakaari/White Island,,2016,,9,,13,,,2016,,9,,14,,-37.52,177.18,2016-09-13,2016-09-14,
233020,22145,"Fournaise, Piton de la",,2016,,9,,11,,,2016,,9,,18,,-21.244,55.708,2016-09-11,2016-09-18,
284120,22519,Ioto,,2016,,8,,31,,,2016,,9,,1,,24.751,141.289,2016-08-31,2016-09-01,
268060,22150,Gamalama,,2016,,8,,3,,,2016,,8,,4,,0.81,127.3322,2016-08-03,2016-08-04,
264030,22149,Rinjani,,2016,,8,,1,,,2016,,9,,27,,-8.42,116.47,2016-08-01,2016-09-27,
290360,22153,Chikurachki,,2016,,7,,27,,,2016,,8,,30,,50.324,155.461,2016-07-27,2016-08-30,
343100,22154,San Miguel,,2016,,6,,18,,,2016,,6,,18,,13.434,-88.269,2016-06-18,2016-06-18,
273010,22151,Bulusan,,2016,,6,,10,,,2016,,12,,29,,12.769,124.056,2016-06-10,2016-12-29,"[12.76037572885907, 124.04051915187372, 12.780391229785751, 124.06891850697968]"
345040,22156,Poas,,2016,,6,,5,,,2016,,8,,16,,10.2,-84.233,2016-06-05,2016-08-16,
233020,22144,"Fournaise, Piton de la",,2016,,5,,26,,,2016,,5,,27,,-21.244,55.708,2016-05-26,2016-05-27,
241040,22121,Whakaari/White Island,,2016,,4,,27,,,2016,,4,,27,,-37.52,177.18,2016-04-27,2016-04-27,
390080,22133,Bristol Island,,2016,,4,,24,,,2016,,7,,26,,-59.017,-26.533,2016-04-24,2016-07-26,
344020,22130,San Cristobal,,2016,,4,,22,,,2016,,4,,22,,12.702,-87.004,2016-04-22,2016-04-22,
311240,22128,Cleveland,,2016,,4,,16,,,2019,,1,,20,4.0,52.825,-169.944,2016-04-16,2019-01-20,
261170,22125,Kerinci,,2016,,3,,31,,,2016,,6,,9,,-1.697,101.264,2016-03-31,2016-06-09,
390130,22159,Zavodovski,,2016,,3,,30,,,2016,,6,,15,15.0,-56.3,-27.57,2016-03-30,2016-06-15,
290360,22127,Chikurachki,,2016,,3,,29,,,2016,,3,,31,,50.324,155.461,2016-03-29,2016-03-31,
312030,22129,Pavlof,,2016,,3,,27,,,2016,,7,,30,,55.417,-161.894,2016-03-27,2016-07-30,
352090,22237,Sangay,,2016,,3,,17,2.0,,2016,,11,,17,,-2.005,-78.341,2016-03-17,2016-11-17,
273010,22114,Bulusan,,2016,,2,,22,,,2016,,2,,22,,12.769,124.056,2016-02-22,2016-02-22,"[12.76037572885907, 124.04051915187372, 12.780391229785751, 124.06891850697968]"
343100,22117,San Miguel,,2016,,1,,12,,,2016,,1,,18,,13.434,-88.269,2016-01-12,2016-01-18,
357070,22119,"Chillan, Nevados de",,2016,,1,,8,,,2022,,10,,17,,-36.868,-71.378,2016-01-08,2022-10-17,
266030,22105,Soputan,,2016,,1,,2,,,2016,,2,,7,,1.112,124.737,2016-01-02,2016-02-07,
344090,22107,Momotombo,,2015,,12,,1,,,2016,,4,,7,,12.423,-86.539,2015-12-01,2016-04-07,
300120,22514,Zhupanovsky,,2015,,11,,28,,,2016,,3,,25,,53.589,159.15,2015-11-28,2016-03-25,
272020,22106,Kanlaon,,2015,,11,,24,,,2016,,6,,18,,10.4096,123.13,2015-11-24,2016-06-18,
261140,22111,Marapi,,2015,,11,,14,,,2015,,11,,14,,-0.38,100.474,2015-11-14,2015-11-14,
263310,22103,Tengger Caldera,,2015,,11,,12,,,2016,,11,,12,,-7.942,112.95,2015-11-12,2016-11-12,
355100,22110,Lascar,,2015,,10,,30,,,2017,,4,,2,1.0,-23.37,-67.73,2015-10-30,2017-04-02,
264030,22104,Rinjani,,2015,,10,,25,,,2015,,12,,24,,-8.42,116.47,2015-10-25,2015-12-24,
252010,22123,Langila,,2015,,10,?,22,,>,2025,,5,,2,,-5.525,148.42,2015-10-22,2025-05-02,
344100,22108,Masaya,,2015,,10,,3,,>,2025,,5,,2,,11.9844,-86.1688,2015-10-03,2025-05-02,
243060,22370,Tofua,,2015,,10,,2,,>,2025,,4,,26,,-19.75,-175.07,2015-10-02,2025-04-26,
290390,21096,Alaid,,2015,,9,,29,,,2016,,8,,11,,50.861,155.565,2015-09-29,2016-08-11,
344040,21097,Telica,,2015,,9,,23,,,2016,,5,,11,,12.606,-86.84,2015-09-23,2016-05-11,
357090,21098,Copahue,,2015,,9,,18,3.0,,2017,,2,,22,,-37.856,-71.183,2015-09-18,2017-02-22,
266100,21093,Lokon-Empung,,2015,,8,,30,,,2015,,9,,28,1.0,1.3644,124.7992,2015-08-30,2015-09-28,
300260,21095,Klyuchevskoy,,2015,,8,,28,,,2018,,7,,14,,56.056,160.642,2015-08-28,2018-07-14,
352050,21088,Cotopaxi,,2015,,8,,14,,,2016,,1,,24,,-0.677,-78.436,2015-08-14,2016-01-24,
343100,22233,San Miguel,,2015,,8,,13,,,2015,,8,,13,,13.434,-88.269,2015-08-13,2015-08-13,
284120,22517,Ioto,,2015,,8,,7,,,2015,,8,,7,,24.751,141.289,2015-08-07,2015-08-07,
360160,21090,Kick 'em Jenny,,2015,,7,,23,,,2015,,7,,24,,12.3,-61.64,2015-07-23,2015-07-24,
268060,21087,Gamalama,,2015,,7,,16,,,2015,,9,,8,,0.81,127.3322,2015-07-16,2015-09-08,
264270,21086,Sirung,,2015,,7,,7,,,2015,,7,,8,,-8.4972,124.1306,2015-07-07,2015-07-08,
283020,21080,Hakoneyama,,2015,,6,,29,,,2015,,7,,1,,35.233,139.021,2015-06-29,2015-07-01,
222120,22304,"Lengai, Ol Doinyo",,2015,,6,<,20,,,2015,,8,>,24,,-2.764,35.914,2015-06-20,2015-08-24,
283110,21081,Asamayama,,2015,,6,,16,,,2015,,6,,19,,36.406,138.523,2015-06-16,2015-06-19,
345020,22132,Rincon de la Vieja,,2015,,6,,16,,,2016,,5,,1,,10.83,-85.324,2015-06-16,2016-05-01,
342110,22157,Pacaya,,2015,,6,,7,1.0,,2021,,8,,13,,14.382,-90.601,2015-06-07,2021-08-13,
282050,21073,Kuchinoerabujima,,2015,,5,,29,,,2015,,6,,19,,30.443,130.217,2015-05-29,2015-06-19,
353020,21075,Wolf,,2015,,5,,25,,,2015,,7,,16,,0.02,-91.35,2015-05-25,2015-07-16,
266100,21071,Lokon-Empung,,2015,,5,,20,,,2015,,5,,27,,1.3644,124.7992,2015-05-20,2015-05-27,
233020,22472,"Fournaise, Piton de la",,2015,,5,,17,,,2015,,10,,31,,-21.244,55.708,2015-05-17,2015-10-31,
344040,21074,Telica,,2015,,5,,7,,,2015,,5,,28,,12.606,-86.84,2015-05-07,2015-05-28,
273010,21072,Bulusan,,2015,,5,,1,,,2015,,7,,17,,12.769,124.056,2015-05-01,2015-07-17,"[12.76037572885907, 124.04051915187372, 12.780391229785751, 124.06891850697968]"
331021,21092,Axial Seamount,,2015,,4,,23,,,2015,,5,,24,1.0,45.95,-130.0,2015-04-23,2015-05-24,
358020,21076,Calbuco,,2015,,4,,22,,,2015,,5,,26,,-41.33,-72.618,2015-04-22,2015-05-26,
260010,22512,Barren Island,,2015,,3,,17,,,2016,,5,,17,1.0,12.278,93.858,2015-03-17,2016-05-17,
345070,20998,Turrialba,,2015,,3,,8,,,2019,,12,,7,,10.025,-83.767,2015-03-08,2019-12-07,
344020,22268,San Cristobal,,2015,,3,,5,,,2015,,6,,12,,12.702,-87.004,2015-03-05,2015-06-12,
290360,20990,Chikurachki,,2015,,2,,16,,,2015,,2,,18,,50.324,155.461,2015-02-16,2015-02-18,
233020,20982,"Fournaise, Piton de la",,2015,,2,,4,,,2015,,2,,15,,-21.244,55.708,2015-02-04,2015-02-15,
343100,20994,San Miguel,,2015,,1,,26,,,2015,,4,,11,,13.434,-88.269,2015-01-26,2015-04-11,
352090,22236,Sangay,,2015,,1,,18,,,2015,,4,,7,,-2.005,-78.341,2015-01-18,2015-04-07,
266030,20988,Soputan,,2015,,1,,6,,,2015,,3,,9,,1.112,124.737,2015-01-06,2015-03-09,
300260,20992,Klyuchevskoy,,2015,,1,,1,,,2015,,5,,10,,56.056,160.642,2015-01-01,2015-05-10,
243040,20983,Hunga Tonga-Hunga Ha'apai,,2014,,12,,19,,,2015,,1,,23,3.0,-20.5532,-175.3841,2014-12-19,2015-01-23,
268060,20989,Gamalama,,2014,,12,,18,,,2014,,12,,25,,0.81,127.3322,2014-12-18,2014-12-25,
357120,20996,Villarrica,,2014,,12,,2,7.0,>,2025,,4,,19,,-39.42,-71.93,2014-12-02,2025-04-19,
263340,21070,Raung,,2014,,11,,23,5.0,,2015,,8,,30,8.0,-8.119,114.056,2014-11-23,2015-08-30,"[-8.13365743655555, 114.03740097860978, -8.104902974500229, 114.07047891553886]"
384010,20977,Fogo,,2014,,11,,23,,,2015,,2,,8,,14.95,-24.35,2014-11-23,2015-02-08,
290260,22223,Chirinkotan,,2014,,11,,21,,,2015,,8,,10,,48.98,153.48,2014-11-21,2015-08-10,
351020,20995,"Ruiz, Nevado del",,2014,,11,,18,,>,2025,,5,,2,,4.892,-75.324,2014-11-18,2025-05-02,
312030,20975,Pavlof,,2014,,11,,12,,,2014,,11,,15,,55.417,-161.894,2014-11-12,2014-11-15,
390090,22271,Saunders,,2014,,11,,12,,>,2025,,4,,29,,-57.8,-26.483,2014-11-12,2025-04-29,
345070,20974,Turrialba,,2014,,10,,29,,,2014,,12,,8,,10.025,-83.767,2014-10-29,2014-12-08,
242050,22466,Monowai,,2014,,10,,16,,,2014,,11,,5,,-25.887,-177.188,2014-10-16,2014-11-05,
283040,20964,Ontakesan,,2014,,9,,27,,,2014,,10,,14,,35.893,137.48,2014-09-27,2014-10-14,
345020,20961,Rincon de la Vieja,,2014,,9,,17,,,2014,,10,,24,,10.83,-85.324,2014-09-17,2014-10-24,
282110,20960,Asosan,,2014,,8,,30,,,2016,,5,,1,,32.8849,131.085,2014-08-30,2016-05-01,
373030,20955,Bardarbunga,,2014,,8,,29,,,2015,,2,,27,,64.633,-17.516,2014-08-29,2015-02-27,
342110,22222,Pacaya,,2014,,8,,25,,,2015,,2,,17,,14.382,-90.601,2014-08-25,2015-02-17,
273030,20959,Mayon,,2014,,8,,12,,,2014,,10,,19,,13.257,123.685,2014-08-12,2014-10-19,
282050,20952,Kuchinoerabujima,,2014,,8,,3,,,2014,,8,,3,,30.443,130.217,2014-08-03,2014-08-03,
344020,22267,San Cristobal,,2014,,7,,20,,,2014,,10,,1,,12.702,-87.004,2014-07-20,2014-10-01,
252140,20957,Rabaul,,2014,,7,,7,,,2014,,9,,18,,-4.2459,152.1937,2014-07-07,2014-09-18,
357090,20954,Copahue,,2014,,7,,4,,,2014,,12,,2,,-37.856,-71.183,2014-07-04,2014-12-02,
251020,20956,Manam,,2014,,6,,29,,,2018,,1,,10,3.0,-4.08,145.037,2014-06-29,2018-01-10,
223020,20942,Nyamulagira,,2014,,6,,22,,,2016,,5,,14,,-1.408,29.2,2014-06-22,2016-05-14,
233020,20919,"Fournaise, Piton de la",,2014,,6,,21,,,2014,,6,,21,,-21.244,55.708,2014-06-21,2014-06-21,
267020,20914,Karangetang,,2014,,6,,8,,,2016,,3,,15,,2.781,125.407,2014-06-08,2016-03-15,
300120,20908,Zhupanovsky,,2014,,6,,6,,,2015,,8,,6,,53.589,159.15,2014-06-06,2015-08-06,
312030,20909,Pavlof,,2014,,5,,31,,,2014,,6,,6,,55.417,-161.894,2014-05-31,2014-06-06,
264050,20911,Sangeang Api,,2014,,5,,30,,,2015,,11,,5,,-8.2,119.07,2014-05-30,2015-11-05,
284141,20936,Ahyi,,2014,,4,,24,,,2014,,5,,17,,20.42,145.03,2014-04-24,2014-05-17,
263300,22221,Semeru,,2014,,4,,1,15.0,,2017,,1,,9,,-8.108,112.922,2014-04-01,2017-01-09,
262000,20932,Krakatau,,2014,,3,,31,,,2014,,3,,31,,-6.1009,105.4233,2014-03-31,2014-03-31,
263250,20892,Merapi,,2014,,3,,9,,,2014,,4,,20,,-7.54,110.446,2014-03-09,2014-04-20,"[-7.558128149472474, 110.42480120723107, -7.530339943833005, 110.4584875567422]"
263180,20933,Slamet,,2014,,3,,8,,,2014,,9,,18,,-7.242,109.208,2014-03-08,2014-09-18,
263280,20934,Kelud,,2014,,2,,13,,,2014,,2,,15,,-7.935,112.314,2014-02-13,2014-02-15,
267020,20913,Karangetang,,2014,,2,,9,,,2014,,2,,9,,2.781,125.407,2014-02-09,2014-02-09,
344020,20941,San Cristobal,,2014,,2,,4,,,2014,,4,,12,,12.702,-87.004,2014-02-04,2014-04-12,
261140,20931,Marapi,,2014,,2,,3,2.0,,2014,,2,,26,,-0.38,100.474,2014-02-03,2014-02-26,
311360,20937,Shishaldin,,2014,,1,,30,,,2015,,7,,3,,54.756,-163.97,2014-01-30,2015-07-03,
255060,20920,Kavachi,,2014,,1,,29,,,2014,,1,?,29,,-8.991,157.979,2014-01-29,2014-01-29,
282110,20935,Asosan,,2014,,1,,13,,,2014,,2,,19,,32.8849,131.085,2014-01-13,2014-02-19,
242050,22465,Monowai,,2014,,1,,1,,,2014,,1,,1,,-25.887,-177.188,2014-01-01,2014-01-01,
343100,20906,San Miguel,,2013,,12,,29,,,2014,,7,,28,,13.434,-88.269,2013-12-29,2014-07-28,
284096,20916,Nishinoshima,,2013,,11,,20,,,2015,,11,?,17,,27.247,140.874,2013-11-20,2015-11-17,
263250,20842,Merapi,,2013,,11,,18,,,2013,,11,,18,,-7.54,110.446,2013-11-18,2013-11-18,"[-7.558128149472474, 110.42480120723107, -7.530339943833005, 110.4584875567422]"
262000,22463,Krakatau,,2013,,10,,31,,,2013,,10,,31,,-6.1009,105.4233,2013-10-31,2013-10-31,
300120,20907,Zhupanovsky,,2013,,10,,23,,,2013,,10,,26,,53.589,159.15,2013-10-23,2013-10-26,
263300,22220,Semeru,,2013,,10,,18,,,2013,,10,,18,,-8.108,112.922,2013-10-18,2013-10-18,
260010,20918,Barren Island,,2013,,10,,12,,,2014,,6,,1,15.0,12.278,93.858,2013-10-12,2014-06-01,
263090,20987,Tangkuban Parahu,,2013,,10,,5,,,2013,,10,,5,,-6.77,107.6,2013-10-05,2013-10-05,
221020,21068,Zubair Group,,2013,,9,,28,,,2013,,11,,20,,15.05,42.18,2013-09-28,2013-11-20,
344040,22195,Telica,,2013,,9,,25,,,2013,,9,,25,,12.606,-86.84,2013-09-25,2013-09-25,
261080,20818,Sinabung,,2013,,9,,15,,,2018,,6,,22,,3.17,98.392,2013-09-15,2018-06-22,
211060,20841,Etna,,2013,,9,,3,,,2022,,6,,17,,37.748,14.999,2013-09-03,2022-06-17,"[37.72695190822104, 14.9637738913999, 37.76972705091083, 15.029790595078342]"
354020,20832,Ubinas,,2013,,9,,1,,,2016,,2,,27,,-16.345,-70.8972,2013-09-01,2016-02-27,
264250,20912,Iliwerung,,2013,,8,,20,,,2013,,8,,20,,-8.532,123.573,2013-08-20,2013-08-20,
300260,20786,Klyuchevskoy,,2013,,8,,15,,,2013,,12,,20,,56.056,160.642,2013-08-15,2013-12-20,
357120,20838,Villarrica,,2013,,7,,25,,,2013,,7,?,29,,-39.42,-71.93,2013-07-25,2013-07-29,
263250,22476,Merapi,,2013,,7,,22,,,2013,,7,,22,,-7.54,110.446,2013-07-22,2013-07-22,"[-7.558128149472474, 110.42480120723107, -7.530339943833005, 110.4584875567422]"
252120,20835,Ulawun,,2013,,7,,8,,,2013,,12,,21,,-5.05,151.33,2013-07-08,2013-12-21,
263340,22378,Raung,,2013,,6,,29,,,2013,,7,,31,,-8.119,114.056,2013-06-29,2013-07-31,"[-8.13365743655555, 114.03740097860978, -8.104902974500229, 114.07047891553886]"
312070,20836,Veniaminof,,2013,,6,,13,,,2013,,10,,12,1.0,56.17,-159.38,2013-06-13,2013-10-12,
290260,20757,Chirinkotan,,2013,,6,,11,,,2014,,6,,1,4.0,48.98,153.48,2013-06-11,2014-06-01,
344020,20817,San Cristobal,,2013,,6,,7,,,2013,,6,,7,,12.702,-87.004,2013-06-07,2013-06-07,
282060,20781,Kikai,,2013,,6,,4,,,2013,,6,,4,,30.793,130.305,2013-06-04,2013-06-04,
261170,22216,Kerinci,,2013,,6,,2,,,2013,,6,,2,,-1.697,101.264,2013-06-02,2013-06-02,
345070,20831,Turrialba,,2013,,5,,21,,,2013,,6,,4,,10.025,-83.767,2013-05-21,2013-06-04,
312030,20807,Pavlof,,2013,,5,,13,,,2013,,6,,26,,55.417,-161.894,2013-05-13,2013-06-26,
273030,20798,Mayon,,2013,,5,,7,,,2013,,5,,7,,13.257,123.685,2013-05-07,2013-05-07,
355100,20789,Lascar,,2013,,4,,2,,,2013,,11,,20,,-23.37,-67.73,2013-04-02,2013-11-20,
262000,22462,Krakatau,,2013,,3,,11,,,2013,,3,,29,,-6.1009,105.4233,2013-03-11,2013-03-29,
342110,20802,Pacaya,,2013,,3,,5,,,2014,,4,,10,,14.382,-90.601,2013-03-05,2014-04-10,
263090,20822,Tangkuban Parahu,,2013,,2,,21,,,2013,,3,,6,,-6.77,107.6,2013-02-21,2013-03-06,
290070,20762,Etorofu-Yakeyama [Grozny Group],,2013,,2,,16,,,2013,,4,,4,,45.012,147.871,2013-02-16,2013-04-04,
260010,20754,Barren Island,,2013,,2,,16,,,2013,,2,,16,,12.278,93.858,2013-02-16,2013-02-16,
284305,21102,Mariana Back-Arc Segment at 15.5°N,,2013,,2,>,13,,,2015,,12,<,1,,15.406,144.506,2013-02-13,2015-12-01,
352090,22235,Sangay,,2013,,1,,25,,,2013,,5,,24,,-2.005,-78.341,2013-01-25,2013-05-24,
252140,20811,Rabaul,,2013,,1,,19,,,2014,,3,,11,,-4.2459,152.1937,2013-01-19,2014-03-11,
341040,20759,Colima,,2013,,1,,6,,,2017,,3,,7,,19.514,-103.62,2013-01-06,2017-03-07,
344020,20816,San Cristobal,,2012,,12,,26,,,2012,,12,,28,,12.702,-87.004,2012-12-26,2012-12-28,
357090,20760,Copahue,,2012,,12,,22,,,2013,,12,,10,,-37.856,-71.183,2012-12-22,2013-12-10,
352080,22215,Tungurahua,,2012,,12,,14,,,2016,,3,,16,,-1.467,-78.442,2012-12-14,2016-03-16,
284120,22515,Ioto,,2012,,12,,1,,,2013,,4,,11,,24.751,141.289,2012-12-01,2013-04-11,
252010,20788,Langila,,2012,,12,,1,,,2012,,12,,5,,-5.525,148.42,2012-12-01,2012-12-05,
300240,20825,Tolbachik,,2012,,11,,27,,,2013,,9,,5,10.0,55.832,160.326,2012-11-27,2013-09-05,
241080,20827,Tongariro,,2012,,11,,21,,,2012,,11,,21,,-39.157,175.632,2012-11-21,2012-11-21,
290150,20756,Chirpoi,,2012,,11,,11,,,2016,,10,?,18,,46.532,150.871,2012-11-11,2016-10-18,
252120,20834,Ulawun,,2012,,11,,6,,,2012,,12,,11,,-5.05,151.33,2012-11-06,2012-12-11,
345020,22161,Rincon de la Vieja,,2012,,10,,17,,,2012,,10,,17,,10.83,-85.324,2012-10-17,2012-10-17,
263340,22377,Raung,,2012,,10,,16,2.0,,2013,,1,,6,,-8.119,114.056,2012-10-16,2013-01-06,"[-8.13365743655555, 114.03740097860978, -8.104902974500229, 114.07047891553886]"
264150,20806,Paluweh,,2012,,10,,8,,,2013,,10,,31,7.0,-8.32,121.708,2012-10-08,2013-10-31,
290390,20750,Alaid,,2012,,10,,5,,,2012,,12,,12,,50.861,155.565,2012-10-05,2012-12-12,
261140,20797,Marapi,,2012,,9,,26,,,2012,,9,,26,,-0.38,100.474,2012-09-26,2012-09-26,
266100,20794,Lokon-Empung,,2012,,9,,15,,,2013,,9,,10,,1.3644,124.7992,2012-09-15,2013-09-10,
268060,20766,Gamalama,,2012,,9,,15,,,2012,,9,,17,,0.81,127.3322,2012-09-15,2012-09-17,
344020,20815,San Cristobal,,2012,,9,,8,,,2012,,9,,15,,12.702,-87.004,2012-09-08,2012-09-15,
234010,20768,Heard,,2012,,9,,5,4.0,>,2025,,4,,4,,-53.106,73.513,2012-09-05,2025-04-04,
300260,20785,Klyuchevskoy,,2012,,9,?,1,,,2013,,1,,28,3.0,56.056,160.642,2012-09-01,2013-01-28,
266030,20821,Soputan,,2012,,8,,26,,,2012,,9,,19,,1.112,124.737,2012-08-26,2012-09-19,
290070,20761,Etorofu-Yakeyama [Grozny Group],,2012,,8,,16,,,2012,,8,,25,,45.012,147.871,2012-08-16,2012-08-25,
241040,20839,Whakaari/White Island,,2012,,8,,7,,,2013,,10,,11,,-37.52,177.18,2012-08-07,2013-10-11,
241080,20826,Tongariro,,2012,,8,,6,,,2012,,8,,7,,-39.157,175.632,2012-08-06,2012-08-07,
242050,20799,Monowai,,2012,,8,,3,,,2012,,8,,19,,-25.887,-177.188,2012-08-03,2012-08-19,
357090,22507,Copahue,,2012,,7,,17,,,2012,,7,,19,,-37.856,-71.183,2012-07-17,2012-07-19,
242005,20748,Havre Seamount,,2012,,7,,17,,,2012,,7,,19,,-31.08,-179.033,2012-07-17,2012-07-19,
284170,20804,Pagan,,2012,,7,,10,,,2012,,7,,10,,18.13,145.8,2012-07-10,2012-07-10,
267020,20776,Karangetang,,2012,,5,,14,,,2013,,9,,5,,2.781,125.407,2012-05-14,2013-09-05,
351080,20764,Galeras,,2012,,5,,13,,,2014,,1,,30,1.0,1.22,-77.37,2012-05-13,2014-01-30,
264270,20819,Sirung,,2012,,5,,8,,,2012,,5,,12,,-8.4972,124.1306,2012-05-08,2012-05-12,
252120,20833,Ulawun,,2012,,5,,7,,,2012,,5,,31,,-5.05,151.33,2012-05-07,2012-05-31,
252080,20805,Witori,,2012,,5,,3,,,2012,,7,,11,,-5.5745,150.5161,2012-05-03,2012-07-11,
344100,22143,Masaya,,2012,,4,,30,,,2012,,6,,8,,11.9844,-86.1688,2012-04-30,2012-06-08,
261140,20796,Marapi,,2012,,3,,1,3.0,,2012,,5,,18,,-0.38,100.474,2012-03-01,2012-05-18,
351020,20814,"Ruiz, Nevado del",,2012,,2,,22,,,2013,,7,?,12,,4.892,-75.324,2012-02-22,2013-07-12,
345020,20813,Rincon de la Vieja,,2012,,2,,19,,,2012,,4,,14,,10.83,-85.324,2012-02-19,2012-04-14,
311110,20774,Kanaga,,2012,,2,,18,,,2012,,2,,18,,51.923,-177.168,2012-02-18,2012-02-18,
300250,22497,Bezymianny,,2012,,2,,12,,,2013,,6,,20,,55.972,160.595,2012-02-12,2013-06-20,
284120,20772,Ioto,,2012,,2,,10,,,2012,,7,,9,,24.751,141.289,2012-02-10,2012-07-09,
345070,20830,Turrialba,,2012,,1,,12,,,2012,,1,,18,,10.025,-83.767,2012-01-12,2012-01-18,
264230,20791,Lewotolok,,2012,,1,,2,,,2012,,1,,14,,-8.274,123.508,2012-01-02,2012-01-14,
221020,20840,Zubair Group,,2011,,12,,18,,,2012,,1,,12,,15.05,42.18,2011-12-18,2012-01-12,
261170,22217,Kerinci,,2011,,12,,15,,,2011,,12,,15,,-1.697,101.264,2011-12-15,2011-12-15,
268060,20765,Gamalama,,2011,,12,,5,,,2011,,12,,23,,0.81,127.3322,2011-12-05,2011-12-23,
352080,22506,Tungurahua,,2011,,11,,27,,,2012,,9,,4,,-1.467,-78.442,2011-11-27,2012-09-04,
223020,20801,Nyamulagira,,2011,,11,,6,,,2012,,3,?,16,,-1.408,29.2,2011-11-06,2012-03-16,
358057,20770,"Hudson, Cerro",,2011,,10,,26,,,2011,,11,,1,,-45.9,-72.97,2011-10-26,2011-11-01,
383020,20769,Hierro,,2011,,10,,10,,,2012,,3,,5,,27.73,-18.03,2011-10-10,2012-03-05,
257020,20938,Gaua,,2011,,9,,17,,,2011,,10,,10,,-14.281,167.514,2011-09-17,2011-10-10,
345020,20812,Rincon de la Vieja,,2011,,8,,22,,,2011,,9,,27,,10.83,-85.324,2011-08-22,2011-09-27,
344020,10898,San Cristobal,,2011,,8,?,21,,,2011,,10,,23,,12.702,-87.004,2011-08-21,2011-10-23,
261140,20795,Marapi,,2011,,8,,3,,,2011,,10,,12,,-0.38,100.474,2011-08-03,2011-10-12,
311240,20758,Cleveland,,2011,,7,,19,7.0,,2015,,8,,18,,52.825,-169.944,2011-07-19,2015-08-18,
266030,20820,Soputan,,2011,,7,,3,,,2011,,8,,15,,1.112,124.737,2011-07-03,2011-08-15,
266100,20793,Lokon-Empung,,2011,,6,,26,,,2012,,5,,2,,1.3644,124.7992,2011-06-26,2012-05-02,
222120,20790,"Lengai, Ol Doinyo",<,2011,,6,,22,,,2014,,7,,15,10.0,-2.764,35.914,2011-06-22,2014-07-15,
221101,20800,Nabro,,2011,,6,,13,,,2012,,6,?,3,,13.37,41.7,2011-06-13,2012-06-03,
352090,22234,Sangay,,2011,,6,,6,,,2012,,9,,19,,-2.005,-78.341,2011-06-06,2012-09-19,
257030,20752,Ambae,,2011,,6,,4,,,2011,,7,,10,,-15.389,167.835,2011-06-04,2011-07-10,
357150,20809,Puyehue-Cordon Caulle,,2011,,6,,4,,,2012,,4,?,21,,-40.59,-72.117,2011-06-04,2012-04-21,
373010,20767,Grimsvotn,,2011,,5,,21,,,2011,,5,,25,,64.416,-17.316,2011-05-21,2011-05-25,
242050,22464,Monowai,,2011,,5,,17,,,2011,,5,,22,,-25.887,-177.188,2011-05-17,2011-05-22,
282110,20753,Asosan,,2011,,5,,15,,,2011,,6,,9,,32.8849,131.085,2011-05-15,2011-06-09,
263300,22219,Semeru,,2011,,5,<,13,,,2012,,7,?,20,,-8.108,112.922,2011-05-13,2012-07-20,
284170,20803,Pagan,,2011,,4,?,23,,,2011,,9,?,1,,18.13,145.8,2011-04-23,2011-09-01,
352080,22214,Tungurahua,,2011,,4,,20,,,2011,,5,,26,,-1.467,-78.442,2011-04-20,2011-05-26,
331021,20921,Axial Seamount,,2011,,4,,6,,,2011,,4,,12,,45.95,-130.0,2011-04-06,2011-04-12,
300260,20783,Klyuchevskoy,,2011,,3,,30,,,2011,,7,,3,,56.056,160.642,2011-03-30,2011-07-03,
252140,20810,Rabaul,,2011,,3,,29,,,2011,,8,,12,,-4.2459,152.1937,2011-03-29,2011-08-12,
263250,22488,Merapi,,2011,,3,,25,,,2011,,9,,8,,-7.54,110.446,2011-03-25,2011-09-08,"[-7.558128149472474, 110.42480120723107, -7.530339943833005, 110.4584875567422]"
267020,20775,Karangetang,,2011,,3,,11,,,2011,,8,,13,,2.781,125.407,2011-03-11,2011-08-13,
344040,20823,Telica,,2011,,3,,7,,,2011,,6,,14,,12.606,-86.84,2011-03-07,2011-06-14,
266100,20792,Lokon-Empung,,2011,,2,,22,,,2011,,2,,22,,1.3644,124.7992,2011-02-22,2011-02-22,
357040,20808,Planchon-Peteroa,,2011,,2,,17,,,2011,,6,,26,1.0,-35.223,-70.568,2011-02-17,2011-06-26,
282090,20782,Kirishimayama,,2011,,1,,19,,,2011,,9,,7,,31.934,130.862,2011-01-19,2011-09-07,
345070,20829,Turrialba,,2011,,1,,14,,,2011,,1,,14,,10.025,-83.767,2011-01-14,2011-01-14,
221041,20939,Dallol,,2011,,1,,4,3.0,,2011,,1,,4,3.0,14.242,40.3,2011-01-04,2011-01-04,
263310,16064,Tengger Caldera,,2010,,11,,26,,,2011,,6,,13,,-7.942,112.95,2010-11-26,2011-06-13,
352080,11645,Tungurahua,,2010,,11,,22,,,2011,,1,,2,,-1.467,-78.442,2010-11-22,2011-01-02,
300230,19264,Kizimen,,2010,,11,,11,,,2013,,9,?,13,,55.131,160.32,2010-11-11,2013-09-13,
273010,16772,Bulusan,,2010,,11,,6,,,2011,,5,,13,,12.769,124.056,2010-11-06,2011-05-13,"[12.76037572885907, 124.04051915187372, 12.780391229785751, 124.06891850697968]"
263250,15925,Merapi,,2010,,10,,26,,,2010,,11,,29,,-7.54,110.446,2010-10-26,2010-11-29,"[-7.558128149472474, 110.42480120723107, -7.530339943833005, 110.4584875567422]"
262000,15634,Krakatau,,2010,,10,?,25,,,2012,,9,,9,1.0,-6.1009,105.4233,2010-10-25,2012-09-09,
233020,14392,"Fournaise, Piton de la",,2010,,10,,14,,,2010,,12,,10,,-21.244,55.708,2010-10-14,2010-12-10,
260010,15388,Barren Island,,2010,,9,,17,,,2011,,6,,22,,12.278,93.858,2010-09-17,2011-06-22,
357040,11947,Planchon-Peteroa,,2010,,9,,6,,,2010,,10,,13,,-35.223,-70.568,2010-09-06,2010-10-13,
261080,15404,Sinabung,,2010,,8,,27,,,2010,,9,,17,,3.17,98.392,2010-08-27,2010-09-17,
351080,11381,Galeras,,2010,,8,,25,,,2010,,8,,25,,1.22,-77.37,2010-08-25,2010-08-25,
211060,13854,Etna,,2010,,8,,25,,,2013,,4,,27,,37.748,14.999,2010-08-25,2013-04-27,"[37.72695190822104, 14.9637738913999, 37.76972705091083, 15.029790595078342]"
251020,14935,Manam,,2010,,8,?,10,,,2013,,12,>,15,,-4.08,145.037,2010-08-10,2013-12-15,
267020,16544,Karangetang,,2010,,8,,6,,,2010,,12,?,16,15.0,2.781,125.407,2010-08-06,2010-12-16,
252140,15101,Rabaul,,2010,,7,,23,,,2010,,7,,25,,-4.2459,152.1937,2010-07-23,2010-07-25,
290380,18879,Ebeko,,2010,,7,,2,,,2010,,7,,9,7.0,50.686,156.014,2010-07-02,2010-07-09,
290270,18833,Ekarma,,2010,,6,,30,,,2010,,8,?,10,,48.958,153.93,2010-06-30,2010-08-10,
344020,10897,San Cristobal,,2010,,6,,9,,,2011,,1,,13,,12.702,-87.004,2010-06-09,2011-01-13,
300070,19026,Gorely,,2010,,6,,6,,,2010,,6,?,22,,52.5549,158.0358,2010-06-06,2010-06-22,
311240,19819,Cleveland,,2010,,5,,30,,,2010,,6,?,2,,52.825,-169.944,2010-05-30,2010-06-02,
284193,18529,South Sarigan Seamount,,2010,,5,,27,,,2010,,5,,29,,16.58,145.78,2010-05-27,2010-05-29,
252120,15077,Ulawun,,2010,,5,,26,4.0,,2011,,5,,27,,-5.05,151.33,2010-05-26,2011-05-27,
300250,19388,Bezymianny,,2010,,5,,21,,,2011,,4,,29,,55.972,160.595,2010-05-21,2011-04-29,
284170,18524,Pagan,,2010,,5,,3,,,2010,,8,,11,,18.13,145.8,2010-05-03,2010-08-11,
284040,18282,Miyakejima,,2010,,4,,10,,,2010,,7,,21,,34.094,139.526,2010-04-10,2010-07-21,
211060,13853,Etna,,2010,,4,,8,,,2010,,4,,8,,37.748,14.999,2010-04-08,2010-04-08,"[37.72695190822104, 14.9637738913999, 37.76972705091083, 15.029790595078342]"
282090,17165,Kirishimayama,,2010,,3,,30,,,2010,,7,,10,,31.934,130.862,2010-03-30,2010-07-10,
372020,12563,Eyjafjallajokull,,2010,,3,,20,,,2010,,6,,23,,63.633,-19.633,2010-03-20,2010-06-23,
284130,18469,Fukutoku-Oka-no-Ba,,2010,,2,,3,,,2010,,4,?,8,,24.285,141.481,2010-02-03,2010-04-08,
345070,11247,Turrialba,,2010,,1,,5,,,2010,,3,?,7,,10.025,-83.767,2010-01-05,2010-03-07,
263300,22218,Semeru,,2010,,1,,5,,,2010,,11,,29,,-8.108,112.922,2010-01-05,2010-11-29,
223020,14085,Nyamulagira,,2010,,1,,2,,,2010,,1,,29,,-1.408,29.2,2010-01-02,2010-01-29,
352080,11644,Tungurahua,,2010,,1,,1,,,2010,,8,,1,,-1.467,-78.442,2010-01-01,2010-08-01,
